Name,Gender,Skill Rating,Exec Skill Rating,Teammate Requests,Avoid Requests,Email,New Player,Age,Registration Notes,Handler,Labels
Caitlind Lusty,F,9.43,,Matthew Lynar,,,No,35,,Yes,heart
Kurtis Thomas,M,8.65,,Sara Shakib,,,No,25,"I play on the Mixed Barries Team and have done so for three years so I’m always happy to coach, provide feedback, and teach players on my team",Yes,
Thomas Black,M,9.22,,Carly Munce,,,No,36,,Yes,leader-a-male
Carly Munce,F,8.94,,Thomas Black,,,No,31,,Yes,heart
Levi Taylor,M,8.94,,Duncan Taylor,,,No,18,,Yes,leader-b-male
Richmand Hogg,M,8.22,,Molly Douglas,,,No,26,,Yes,leader-a-male
Michael McConnell,M,7.78,,Brianna Hall,,,No,34,,Yes,leader-b-male
Sean Harrington,M,7.97,,Kileigh Harrington,,,No,19,I am trying to continue improving my skills as both a handler and a cutter,Yes,
Matt Hofing,M,7.75,,Rebecca Robitaille,,,No,38,,Yes,
Patrick Kirkwood,M,7.75,,,,,No,33,,Yes,leader-b-male
Niko Hoogeveen,M,7.03,,Adam Soos,,,No,24,N/A,Yes,leader-b-male
Molly Douglas,F,7.69,,Richmand Hogg,,,No,30,Thank you muchly!,Yes,heart
David Tran,M,7.45,,parker munce,,,No,34,I like the new player rating options,Yes,leader-b-male
Elly Switzer,F,7.45,,Caleb Fisher,,,No,19,"I am a university student home for the summer and would love to pla with my friends, before we go back in the fall!",Yes,
Curtis Reason,M,7.21,,Stephen Hawley,,,No,35,,Yes,
Brad Mayer,M,6.89,,Rebecca Robitaille,,,No,55,Nada,Yes,
Matt Simon,M,7.31,,John Nigh,,,No,21,I will not be able to attend playoff games as I will be away for school.,Yes,
Eric Good,M,7.31,,,,,No,22,,Yes,
Luke Mackey,M,7.31,,Derek Davey,,,No,26,,Yes,
Rebecca Robitaille,F,7.7,,Brad Mayer,,,No,36,No,Yes,heart
Emma Hanney,F,7.4,,,,,No,23,,Yes,
Adam Soos,M,6.69,,Niko Hoogeveen,,,No,25,No,Yes,
parker munce,F,7.58,,Kyra Frisina,,,No,29,,Yes,heart
Jeff Cobbledick,M,7.26,,,,,No,35,,Yes,
James Callow,M,7.02,,Tristan Callow,,,No,50,Would like to play with my son Tristan,Yes,leader-b-male
Dayson Bress,M,7.02,,,,,No,17,N/A,No,
Matt Tribe,M,6.72,,Tracy Penley,,,No,39,Love the new rating formats on the sign up,Yes,
Brett Ormsby,M,7.12,,Hailey Irwin,,,No,20,I will not be able to make any September game. I am a university student.,No,
Stephen Hawley,M,6.64,,Curtis Reason,,,No,34,NA,Yes,
Emilie Farr,F,7.05,,Hailey Irwin,,,No,19,I go back to university in September so I don’t think I’ll be able to play during playoffs for the summer season,No,
Scott Patrick,M,6.82,,Shannon Wolochatiuk,,,No,41,None,Yes,
Kevin Schuster,M,7.13,,,,,No,43,,Yes,
Eric Bouchard,M,6.35,,,,,No,47,,Yes,
Aiden Courville,M,6.35,,Sarah Butt,,,Yes,21,Ideally I'd like to play with my girlfriend and brother. We haven't had the opportunity to play with either of them yet as we've lived in different cities. We also like to talk strategy together and it would be really cool to use some of our talks in game with the people who helped create them,Yes,
Ryan Sagermann,M,6.29,,Carly Sagermann,,,No,30,,Yes,
Courtney Hough,F,6.05,,Kate Bromenshenkel,,,No,43,All great!,Yes,
Amber Soos,F,6.39,,Adam Soos,,,No,20,No,No,
Joseph Doran,M,5.91,,,,,No,41,,Yes,
Wesley Taggart,M,6.07,,Bryn Davis,,,No,34,,Yes,
Lilyanna Padoin Lee,F,6.01,,Leah Potje,,,No,19,,No,
Will Boaks,M,6.01,,,,,No,36,,Yes,
Cale Holmes,M,5.71,,James Callow,,,No,24,,Yes,
Taylor Stanojev,F,6.1,,,,,No,32,,No,
Lauren Grasse,F,6.1,,Liam Crawford,,,No,20,,Yes,
Brianna Hall,F,5.86,,Michael McConnell,,,No,29,,No,heart
Hailey Irwin,F,6.28,,Emilie Farr,,,No,20,,No,
Jamie Bonany,M,5.54,,,,,No,39,,Yes,
Kyra Frisina,F,5.96,,parker munce,,,No,23,,Yes,heart
Shannon Wolochatiuk,F,5.42,,Scott Patrick,,,No,40,,No,
"Andrew ""Sundance"" Black",M,6.12,,,,,No,38,,Yes,
Xena Cochi,F,5.82,,,,,No,23,,No,
Joseph Dunlop,M,5.52,,,,,No,34,,No,
Billy Miller,M,5.28,,,,,No,36,Nope,No,
Nate Smith,M,5.43,,Frank Smith,,,No,20,,No,
Kileigh Harrington,M,5.43,,Sean Harrington,,,No,23,,No,
John Nigh,M,5.2,,Matt Simon,,,No,28,,No,
Stephen Fisher,M,5.2,,,,,No,30,,Yes,
Kyle Stashuk,M,5.37,,Peter Rutkauskas,,,No,45,,No,
Neil Bond,M,5.14,,,,,No,30,,No,
Kole O'C,M,5.35,,Scott O'Connor,,,Yes,20,"I’m looking to have fun, I’m very competitive. I’d like to play with my dad but a childhood friend of mine started playing in the leagues this year and I think it would be very fun for us to reconnect and play together. Her name is Lily Padoin Lee",Yes,
Nadine Leiper,F,5.05,,Alli Leiper,,,No,49,"My daughter, Alli Leiper, is registering for the first time and I would like to play with her.  Thank you :)",No,
Ryan Bridge,M,5.05,,,,,No,38,N/A,No,
Matthew Lynar,M,5.47,,Caitlind Lusty,,,No,35,,No,
Colton Courville,M,4.99,,,,,Yes,16,,Yes,
Peter Rutkauskas,M,5.15,,Kyle Stashuk,,,No,51,Please put me with my requests. Social aspect of ultimate is important to me.,No,
Ben Kleiser,M,5.15,,Niko Hoogeveen,,,Yes,25,I would like to be on Niko Hoogeveen’s team please,No,
Thomas Barnes,M,4.91,,,,,No,46,Old and slow,Yes,
David Pietrowski,M,4.91,,,,,No,45,,Yes,
Brendan Irwin,M,4.91,,Hailey Irwin,,,Yes,17,,No,
Julianna Lerch,F,5.09,,,,,No,62,,No,
Kristy Robinson,F,4.85,,Andy Beecroft,,,No,53,,No,heart
Andy Beecroft,M,4.85,,Kristy Robinson,,,No,54,,No,
Tracy Penley,F,4.85,,Matt Tribe,,,No,41,,No,
Jeffery Hoover,M,4.79,,Thomas Black,,,No,45,,No,
Caleb Fisher,M,5.01,,Elly Switzer,,,Yes,19,I struggle joining a team without knowing anybody so I’d really like to play with my suggested players,No,
Paul Marjin,M,4.71,,,,,No,29,,No,
Duncan Taylor,M,4.71,,Levi Taylor,,,Yes,45,Levi is my son,Yes,
Chris Tillmanns,M,4.86,,Charlee Tillmanns,,,No,46,"Charlee (Daughter) and Julie (Mom/Wife) we would really like to play with each again, please.",No,
Julie Tillmanns,F,4.86,,Charlee Tillmanns,,,No,47,nope,No,
Olivia Evans,F,4.63,,,,,No,24,,No,
Sarah Butt,F,4.8,,Aiden Courville,,,Yes,20,,No,
Scott O'Connor,M,4.57,,Kole O'C,,,Yes,61,My ultimate experience is all from spectating. I’m one hell of an athlete and will be a great player. I have tons of experience tossing the disc around helping my son practice and comfortable throwing. At the end of the day just looking to bond with my son.,No,
Cali Gurr,F,4.74,,Koral Freeman,,,No,28,,No,
Carden Vickers,M,4.5,,Rebecca Robitaille,,,No,28,,No,
Kyle Jones,M,4.48,,,,,No,37,,No,
Geno Bornea,M,5.14,,,,,Yes,32,,No,
Jaclyn Kane,F,4.9,,,,,No,43,,No,
David Humphrys,M,4.42,,,,,No,44,,No,
Liam Crawford,M,4.42,,Lauren Grasse,,,No,18,,No,
Carly Sagermann,F,4.36,,Ryan Sagermann,,,Yes,31,,No,
Mat MacLean,M,4.34,,,,,Yes,43,I played for several years in Collingwood and Barrie but haven't played in 5 years after rupturing my Achilles tendon.,No,
Tristan Callow,M,4.52,,James Callow,,,No,18,,No,
Charlie Tardif,M,4.22,,Cody Sinkinson,,,No,35,,No,
Spencer Brown,M,4.43,,Cole monteith,,,No,36,,No,
Charlee Tillmanns,F,4.14,,Julie Tillmanns,,,No,18,I will be leaving at the end of August for University.,No,
Leah Potje,F,4.08,,Lilyanna Padoin Lee,,,No,19,,No,
Robin Mennie,F,3.85,,Cody Sinkinson,,,No,27,,No,
Cody Sinkinson,M,3.85,,Robin Mennie,,,No,29,,No,
Christian Mueller,M,3.85,,Emilie Brown,,,No,27,Emilie is my Wife,No,
Frank Smith,M,3.79,,Nate Smith,,,No,67,,No,
Brandon Canning,M,3.71,,,,,Yes,34,,No,
Sara Shakib,F,3.36,,Kurtis Thomas,,,No,23,"New player only have played one season this spring but very motivated and driven to play, learn, and get better at the sport!",No,
Pascale Clements,F,3.22,,Matt Tribe,,,No,25,,No,
Marianne Auger,F,3.08,,Jamie Cable,,,No,45,Just really hoping to play with friends and good vibes,No,
Emilie Brown,F,2.79,,Christian Mueller,,,No,28,Christian is my husband,No,
Derek Davey,M,2.65,,Koral Freeman,,,Yes,26,,No,
Alli Leiper,F,2.59,,Nadine Leiper,,,Yes,19,"I would like to play with my Mom, Nadine Leiper.  Thank you!  :)",No,
Koral Freeman,F,2.44,,Derek Davey,,,Yes,26,,No,